INSERT INTO ADDRESS (ID, CITY, STREET, ZIPCODE)
VALUES (5, 'Oftering', 'Landstraße 1', '4064');
INSERT INTO ADDRESS (ID, CITY, STREET, ZIPCODE)
VALUES (7, 'Kirchberg', 'Hauptstraße 1', '4062');
INSERT INTO ADDRESS (ID, CITY, STREET, ZIPCODE)
VALUES (9, 'Kirchberg', 'Sonnenblumenstraße 2', '4062');
INSERT INTO ADDRESS (ID, CITY, STREET, ZIPCODE)
VALUES (11, 'Alkoven', 'Falkenweg 55', '4072');
INSERT INTO ADDRESS (ID, CITY, STREET, ZIPCODE)
VALUES (13, 'Alkoven', 'Gartenstraße 12', '4072');
INSERT INTO ADDRESS (ID, CITY, STREET, ZIPCODE)
VALUES (15, 'Alkoven', 'Falkenweg 55', '4072');
INSERT INTO ADDRESS (ID, CITY, STREET, ZIPCODE)
VALUES (17, 'Eferding', 'Erlenweg 4', '4070');

INSERT INTO CUSTOMER (ID, DATEOFBIRTH, FIRSTNAME, LASTNAME, ADDRESS_ID)
VALUES (12, '1950-08-15', 'Markus', 'Schmid', 13);
INSERT INTO CUSTOMER (ID, DATEOFBIRTH, FIRSTNAME, LASTNAME, ADDRESS_ID)
VALUES (14, '1960-02-05', 'Kaiser', 'Scholz', 15);
INSERT INTO CUSTOMER (ID, DATEOFBIRTH, FIRSTNAME, LASTNAME, ADDRESS_ID)
VALUES (16, '1960-05-02', 'Gerlach', 'Graf', 17);

INSERT INTO HOURLYRATE (ID, EMPLOYEECATEGORY, RATE, RYEAR)
VALUES (1, 'Projektleiter', 10, 2020);
INSERT INTO HOURLYRATE (ID, EMPLOYEECATEGORY, RATE, RYEAR)
VALUES (2, 'SeniorDeveloper', 8, 2020);
INSERT INTO HOURLYRATE (ID, EMPLOYEECATEGORY, RATE, RYEAR)
VALUES (3, 'JuniorDeveloper', 7, 2020);

INSERT INTO EMPLOYEE (ID, DATEOFBIRTH, FIRSTNAME, LASTNAME, ADDRESS_ID, HOURLYRATE_ID)
VALUES (4, '1980-12-08', 'Hans', 'Huber', 5, 1);
INSERT INTO EMPLOYEE (ID, DATEOFBIRTH, FIRSTNAME, LASTNAME, ADDRESS_ID, HOURLYRATE_ID)
VALUES (6, '1990-01-05', 'Franz', 'Mayr', 7, 2);
INSERT INTO EMPLOYEE (ID, DATEOFBIRTH, FIRSTNAME, LASTNAME, ADDRESS_ID, HOURLYRATE_ID)
VALUES (8, '1987-03-21', 'Karl', 'Huemer', 9, 3);
INSERT INTO EMPLOYEE (ID, DATEOFBIRTH, FIRSTNAME, LASTNAME, ADDRESS_ID, HOURLYRATE_ID)
VALUES (10, '1970-01-21', 'Max', 'Horn', 11, 3);


INSERT INTO PROJECT (ID, NAME, CUSTOMER_ID)
VALUES (18, 'Youtube 2.0', 12);
INSERT INTO PROJECT (ID, NAME, CUSTOMER_ID)
VALUES (19, 'Google 2.0', 12);
INSERT INTO PROJECT (ID, NAME, CUSTOMER_ID)
VALUES (20, 'Gitlab 2.0', 14);

INSERT INTO PROJECT_EMPLOYEE (PROJECTS_ID, MEMBERS_ID)
VALUES (18, 4);
INSERT INTO PROJECT_EMPLOYEE (PROJECTS_ID, MEMBERS_ID)
VALUES (18, 6);
INSERT INTO PROJECT_EMPLOYEE (PROJECTS_ID, MEMBERS_ID)
VALUES (19, 4);
INSERT INTO PROJECT_EMPLOYEE (PROJECTS_ID, MEMBERS_ID)
VALUES (19, 8);
INSERT INTO PROJECT_EMPLOYEE (PROJECTS_ID, MEMBERS_ID)
VALUES (20, 4);
INSERT INTO PROJECT_EMPLOYEE (PROJECTS_ID, MEMBERS_ID)
VALUES (20, 6);
INSERT INTO PROJECT_EMPLOYEE (PROJECTS_ID, MEMBERS_ID)
VALUES (20, 8);
INSERT INTO PROJECT_EMPLOYEE (PROJECTS_ID, MEMBERS_ID)
VALUES (20, 10);

INSERT INTO LOGBOOKENTRY (ID, ACTIVITY, COSTTYPE, ENDTIME, STARTTIME, EMPLOYEE_ID, PROJECT_ID)
VALUES (21, 'Analyse', 'Projektleitung', '2020-02-01 12:00:00.000000000', '2020-02-01 10:15:00.000000000', 4, 18);
INSERT INTO LOGBOOKENTRY (ID, ACTIVITY, COSTTYPE, ENDTIME, STARTTIME, EMPLOYEE_ID, PROJECT_ID)
VALUES (22, 'Implementierung', 'Entwicklung', '2020-04-01 14:00:00.000000000', '2020-04-01 13:00:00.000000000', 6, 18);
INSERT INTO LOGBOOKENTRY (ID, ACTIVITY, COSTTYPE, ENDTIME, STARTTIME, EMPLOYEE_ID, PROJECT_ID)
VALUES (23, 'Testen', 'Testen', '2020-02-01 17:00:00.000000000', '2020-02-01 15:30:00.000000000', 6, 18);
INSERT INTO LOGBOOKENTRY (ID, ACTIVITY, COSTTYPE, ENDTIME, STARTTIME, EMPLOYEE_ID, PROJECT_ID)
VALUES (24, 'Analyse', 'Projektleitung', '2019-02-01 12:00:00.000000000', '2019-02-01 10:15:00.000000000', 4, 19);
INSERT INTO LOGBOOKENTRY (ID, ACTIVITY, COSTTYPE, ENDTIME, STARTTIME, EMPLOYEE_ID, PROJECT_ID)
VALUES (25, 'Implementierung', 'Entwicklung', '2019-02-01 15:30:00.000000000', '2019-02-01 13:00:00.000000000', 8, 19);
INSERT INTO LOGBOOKENTRY (ID, ACTIVITY, COSTTYPE, ENDTIME, STARTTIME, EMPLOYEE_ID, PROJECT_ID)
VALUES (26, 'Testen', 'Testen', '2019-02-01 17:00:00.000000000', '2019-02-01 15:30:00.000000000', 8, 19);
INSERT INTO LOGBOOKENTRY (ID, ACTIVITY, COSTTYPE, ENDTIME, STARTTIME, EMPLOYEE_ID, PROJECT_ID)
VALUES (27, 'Analyse', 'Projektleitung', '2020-02-01 12:00:00.000000000', '2020-02-01 10:15:00.000000000', 4, 20);
INSERT INTO LOGBOOKENTRY (ID, ACTIVITY, COSTTYPE, ENDTIME, STARTTIME, EMPLOYEE_ID, PROJECT_ID)
VALUES (28, 'Implementierung', 'Entwicklung', '2020-02-03 15:30:00.000000000', '2020-02-03 13:00:00.000000000', 6, 20);
INSERT INTO LOGBOOKENTRY (ID, ACTIVITY, COSTTYPE, ENDTIME, STARTTIME, EMPLOYEE_ID, PROJECT_ID)
VALUES (29, 'Testen', 'Testen', '2020-02-01 17:00:00.000000000', '2020-02-01 15:30:00.000000000', 8, 20);
INSERT INTO LOGBOOKENTRY (ID, ACTIVITY, COSTTYPE, ENDTIME, STARTTIME, EMPLOYEE_ID, PROJECT_ID)
VALUES (30, 'Refactoring', 'Wartung', '2020-02-01 17:00:00.000000000', '2020-02-01 15:30:00.000000000', 10, 20);
INSERT INTO LOGBOOKENTRY (ID, ACTIVITY, COSTTYPE, ENDTIME, STARTTIME, EMPLOYEE_ID, PROJECT_ID)
VALUES (31, 'Testen', 'Testen', '2020-02-01 17:00:00.000000000', '2020-02-01 15:30:00.000000000', 10, 20);
INSERT INTO LOGBOOKENTRY (ID, ACTIVITY, COSTTYPE, ENDTIME, STARTTIME, EMPLOYEE_ID, PROJECT_ID)
VALUES (32, 'Kaffee trinken', 'Entwicklung', '2020-03-01 15:30:00.000000000', '2020-03-01 14:00:00.000000000', 6, 18);


